Workbook
Name uplift_rate: Adjustment!$B$4

Sheet Sign-off
A1: Q2 2026 statutory accrual adjustment - sign-off
A3: Purpose
A4: To record the Q2 2026 uplift applied to statutory accruals following the reforecast agreed at the June finance committee, and to evidence that the adjustment was applied as approved.
A6: Background
A7: The June reforecast moved the accrual basis for the affected entities from the 2025 rate card to the 2026 one. Finance agreed a flat 4.5% uplift as the practical equivalent, to be applied to statutory-ledger accruals at 30 June 2026 only. Management accounts are unaffected.
A9: What was done
A10: The pre-adjustment position was extracted from the finance warehouse (see the Pre-Adjustment tab, which carries the query). The uplift was calculated per trade on the Adjustment tab and applied to the three affected entities by the update statement recorded there. The position was then re-extracted using the same query to confirm the update had taken effect.
A12: Scope
A13: Entities E-04, E-07, E-09 and E-12. Statutory ledger only. Period end 30 June 2026. Cancelled trades are excluded.
A15: Known issues
A16: One trade carries no accrual value in the source system pending a cost-centre reallocation. It is shown at nil and will be picked up in Q3.
A18: Impact summary
A19: Measure | B19: Before | C19: After | D19: Movement
A20: In-scope accruals (GBP) | B20: 19649058 | C20: 20522428 | D20: 873369.92
A22: Rows adjusted | B22: 74
A24: Sign-off
A25: Prepared by | B25: R. Advani, Financial Control
A26: Reviewed by | B26: M. Okafor, Head of Statutory Reporting
A27: Date | B27: 46217
A28: Control reference | B28: FC-Q2-2026-014

Sheet Pre-Adjustment
A1: Pre-adjustment extract
A2: Source: FinanceWarehouse (ODBC), connection 'AccrualExtract'
A3: Query - run this to reproduce:
A4: SELECT
A5: a.trade_id,
A6: a.entity_id,
A7: e.entity_name,
A8: a.cost_centre,
A9: a.accrual_gbp,
A10: a.period_end,
A11: a.status
A12: FROM fin.accruals AS a
... A17: ORDER BY a.entity_id, a.trade_id
A18: trade_id | B18: entity_id | C18: entity_name | D18: cost_centre | E18: accrual_gbp | F18: period_end | G18: status
A19: ACC-00001 | B19: E-04 | C19: Northgate Holdings | D19: CC-3050 | F19: 46203 | G19: POSTED
A20: ACC-00002 | B20: E-04 | C20: Northgate Holdings | D20: CC-3900 | E20: 205878.9 | F20: 46203 | G20: POSTED
A21: ACC-00003 | B21: E-04 | C21: Northgate Holdings | D21: CC-3900 | E21: 277203.34 | F21: 46203 | G21: POSTED
A22: ACC-00004 | B22: E-04 | C22: Northgate Holdings | D22: CC-2400 | E22: 11122.9 | F22: 46203 | G22: CANCELLED
A23: ACC-00005 | B23: E-04 | C23: Northgate Holdings | D23: CC-3900 | E23: 367696.32 | F23: 46203 | G23: POSTED
A24: ACC-00006 | B24: E-04 | C24: Northgate Holdings | D24: CC-3050 | E24: 40214.14 | F24: 46203 | G24: POSTED
A25: ACC-00007 | B25: E-04 | C25: Northgate Holdings | D25: CC-1100 | E25: 468934.53 | F25: 46203 | G25: POSTED
A26: ACC-00008 | B26: E-04 | C26: Northgate Holdings | D26: CC-1200 | E26: 354485.06 | F26: 46203 | G26: POSTED
A27: ACC-00009 | B27: E-04 | C27: Northgate Holdings | D27: CC-1200 | E27: 255329.73 | F27: 46203 | G27: POSTED
A28: ACC-00010 | B28: E-04 | C28: Northgate Holdings | D28: CC-3050 | E28: 101519.79 | F28: 46203 | G28: POSTED
A29: ACC-00011 | B29: E-04 | C29: Northgate Holdings | D29: CC-1200 | E29: 241113.07 | F29: 46203 | G29: POSTED
A30: ACC-00012 | B30: E-04 | C30: Northgate Holdings | D30: CC-1100 | E30: 391161.5 | F30: 46203 | G30: POSTED
A31: ACC-00013 | B31: E-04 | C31: Northgate Holdings | D31: CC-3900 | E31: 431131.75 | F31: 46203 | G31: POSTED
... A138: ACC-00120 | B138: E-21 | C138: Harbourfield Retail | D138: CC-2400 | E138: 293796.6 | F138: 46203 | G138: POSTED

Sheet Adjustment
A1: Q2 2026 accrual uplift - working
A3: Parameters
A4: Uplift rate | B4: 0.045
A5: Period end | B5: 46203
A6: Entities in scope | B6: E-04, E-07, E-09, E-12
A7: Ledger | B7: STATUTORY
A9: Update statement (run against FinanceWarehouse):
A10: UPDATE fin.accruals
A11: SET accrual_gbp = ROUND(accrual_gbp * 1.045, 2),
A12: adjusted_by = SUSER_SNAME(),
A13: adjusted_at = SYSUTCDATETIME()
A14: WHERE period_end = '2026-06-30'
A15: AND entity_id IN ('E-04', 'E-07', 'E-09', 'E-12')
A16: trade_id | B16: entity_id | C16: entity_name | D16: accrual_gbp_before | E16: uplift_gbp | F16: accrual_gbp_after | G16: update_statement
A17: ACC-00001 | B17: E-04 | C17: =VLOOKUP(A17,'Pre-Adjustment'!$A$19:$G$138,3,FALSE) -> Northgate Holdings | D17: =VLOOKUP(A17,'Pre-Adjustment'!$A$19:$G$138,5,FALSE) -> 0 | E17: =ROUND(D17*uplift_rate,2) -> 0 | F17: =ROUND(D17*(1+uplift_rate),2) -> 0 | G17: ="UPDATE fin.accruals SET accrual_gbp = "&TEXT(F17,"0.00")&", adjustment_note = 'Q2 uplift for "&C17&"'"&" WHERE trade_id = '"&A17&"';" -> UPDATE fin.accruals SET accrual_gbp = 0.00, adjustment_note = 'Q2 uplift for Northgate Holdings' WHERE trade_id = 'ACC-00001';
A18: ACC-00002 | B18: E-04 | C18: =VLOOKUP(A18,'Pre-Adjustment'!$A$19:$G$138,3,FALSE) -> Northgate Holdings | D18: =VLOOKUP(A18,'Pre-Adjustment'!$A$19:$G$138,5,FALSE) -> 205878.9 | E18: =ROUND(D18*uplift_rate,2) -> 9264.55 | F18: =ROUND(D18*(1+uplift_rate),2) -> 215143.45 | G18: ="UPDATE fin.accruals SET accrual_gbp = "&TEXT(F18,"0.00")&", adjustment_note = 'Q2 uplift for "&C18&"'"&" WHERE trade_id = '"&A18&"';" -> UPDATE fin.accruals SET accrual_gbp = 215143.45, adjustment_note = 'Q2 uplift for Northgate Holdings' WHERE trade_id = 'ACC-00002';
A19: ACC-00003 | B19: E-04 | C19: =VLOOKUP(A19,'Pre-Adjustment'!$A$19:$G$138,3,FALSE) -> Northgate Holdings | D19: =VLOOKUP(A19,'Pre-Adjustment'!$A$19:$G$138,5,FALSE) -> 277203.34 | E19: =ROUND(D19*uplift_rate,2) -> 12474.15 | F19: =ROUND(D19*(1+uplift_rate),2) -> 289677.49 | G19: ="UPDATE fin.accruals SET accrual_gbp = "&TEXT(F19,"0.00")&", adjustment_note = 'Q2 uplift for "&C19&"'"&" WHERE trade_id = '"&A19&"';" -> UPDATE fin.accruals SET accrual_gbp = 289677.49, adjustment_note = 'Q2 uplift for Northgate Holdings' WHERE trade_id = 'ACC-00003';
A20: ACC-00005 | B20: E-04 | C20: =VLOOKUP(A20,'Pre-Adjustment'!$A$19:$G$138,3,FALSE) -> Northgate Holdings | D20: =VLOOKUP(A20,'Pre-Adjustment'!$A$19:$G$138,5,FALSE) -> 367696.32 | E20: =ROUND(D20*uplift_rate,2) -> 16546.33 | F20: =ROUND(D20*(1+uplift_rate),2) -> 384242.65 | G20: ="UPDATE fin.accruals SET accrual_gbp = "&TEXT(F20,"0.00")&", adjustment_note = 'Q2 uplift for "&C20&"'"&" WHERE trade_id = '"&A20&"';" -> UPDATE fin.accruals SET accrual_gbp = 384242.65, adjustment_note = 'Q2 uplift for Northgate Holdings' WHERE trade_id = 'ACC-00005';
A21: ACC-00006 | B21: E-04 | C21: =VLOOKUP(A21,'Pre-Adjustment'!$A$19:$G$138,3,FALSE) -> Northgate Holdings | D21: =VLOOKUP(A21,'Pre-Adjustment'!$A$19:$G$138,5,FALSE) -> 40214.14 | E21: =ROUND(D21*uplift_rate,2) -> 1809.64 | F21: =ROUND(D21*(1+uplift_rate),2) -> 42023.78 | G21: ="UPDATE fin.accruals SET accrual_gbp = "&TEXT(F21,"0.00")&", adjustment_note = 'Q2 uplift for "&C21&"'"&" WHERE trade_id = '"&A21&"';" -> UPDATE fin.accruals SET accrual_gbp = 42023.78, adjustment_note = 'Q2 uplift for Northgate Holdings' WHERE trade_id = 'ACC-00006';
A22: ACC-00007 | B22: E-04 | C22: =VLOOKUP(A22,'Pre-Adjustment'!$A$19:$G$138,3,FALSE) -> Northgate Holdings | D22: =VLOOKUP(A22,'Pre-Adjustment'!$A$19:$G$138,5,FALSE) -> 468934.53 | E22: =ROUND(D22*uplift_rate,2) -> 21102.05 | F22: =ROUND(D22*(1+uplift_rate),2) -> 490036.58 | G22: ="UPDATE fin.accruals SET accrual_gbp = "&TEXT(F22,"0.00")&", adjustment_note = 'Q2 uplift for "&C22&"'"&" WHERE trade_id = '"&A22&"';" -> UPDATE fin.accruals SET accrual_gbp = 490036.58, adjustment_note = 'Q2 uplift for Northgate Holdings' WHERE trade_id = 'ACC-00007';
A23: ACC-00008 | B23: E-04 | C23: =VLOOKUP(A23,'Pre-Adjustment'!$A$19:$G$138,3,FALSE) -> Northgate Holdings | D23: =VLOOKUP(A23,'Pre-Adjustment'!$A$19:$G$138,5,FALSE) -> 354485.06 | E23: =ROUND(D23*uplift_rate,2) -> 15951.83 | F23: =ROUND(D23*(1+uplift_rate),2) -> 370436.89 | G23: ="UPDATE fin.accruals SET accrual_gbp = "&TEXT(F23,"0.00")&", adjustment_note = 'Q2 uplift for "&C23&"'"&" WHERE trade_id = '"&A23&"';" -> UPDATE fin.accruals SET accrual_gbp = 370436.89, adjustment_note = 'Q2 uplift for Northgate Holdings' WHERE trade_id = 'ACC-00008';
A24: ACC-00009 | B24: E-04 | C24: =VLOOKUP(A24,'Pre-Adjustment'!$A$19:$G$138,3,FALSE) -> Northgate Holdings | D24: =VLOOKUP(A24,'Pre-Adjustment'!$A$19:$G$138,5,FALSE) -> 255329.73 | E24: =ROUND(D24*uplift_rate,2) -> 11489.84 | F24: =ROUND(D24*(1+uplift_rate),2) -> 266819.57 | G24: ="UPDATE fin.accruals SET accrual_gbp = "&TEXT(F24,"0.00")&", adjustment_note = 'Q2 uplift for "&C24&"'"&" WHERE trade_id = '"&A24&"';" -> UPDATE fin.accruals SET accrual_gbp = 266819.57, adjustment_note = 'Q2 uplift for Northgate Holdings' WHERE trade_id = 'ACC-00009';
A25: ACC-00010 | B25: E-04 | C25: =VLOOKUP(A25,'Pre-Adjustment'!$A$19:$G$138,3,FALSE) -> Northgate Holdings | D25: =VLOOKUP(A25,'Pre-Adjustment'!$A$19:$G$138,5,FALSE) -> 101519.79 | E25: =ROUND(D25*uplift_rate,2) -> 4568.39 | F25: =ROUND(D25*(1+uplift_rate),2) -> 106088.18 | G25: ="UPDATE fin.accruals SET accrual_gbp = "&TEXT(F25,"0.00")&", adjustment_note = 'Q2 uplift for "&C25&"'"&" WHERE trade_id = '"&A25&"';" -> UPDATE fin.accruals SET accrual_gbp = 106088.18, adjustment_note = 'Q2 uplift for Northgate Holdings' WHERE trade_id = 'ACC-00010';
A26: ACC-00011 | B26: E-04 | C26: =VLOOKUP(A26,'Pre-Adjustment'!$A$19:$G$138,3,FALSE) -> Northgate Holdings | D26: =VLOOKUP(A26,'Pre-Adjustment'!$A$19:$G$138,5,FALSE) -> 241113.07 | E26: =ROUND(D26*uplift_rate,2) -> 10850.09 | F26: =ROUND(D26*(1+uplift_rate),2) -> 251963.16 | G26: ="UPDATE fin.accruals SET accrual_gbp = "&TEXT(F26,"0.00")&", adjustment_note = 'Q2 uplift for "&C26&"'"&" WHERE trade_id = '"&A26&"';" -> UPDATE fin.accruals SET accrual_gbp = 251963.16, adjustment_note = 'Q2 uplift for Northgate Holdings' WHERE trade_id = 'ACC-00011';
A27: ACC-00012 | B27: E-04 | C27: =VLOOKUP(A27,'Pre-Adjustment'!$A$19:$G$138,3,FALSE) -> Northgate Holdings | D27: =VLOOKUP(A27,'Pre-Adjustment'!$A$19:$G$138,5,FALSE) -> 391161.5 | E27: =ROUND(D27*uplift_rate,2) -> 17602.27 | F27: =ROUND(D27*(1+uplift_rate),2) -> 408763.77 | G27: ="UPDATE fin.accruals SET accrual_gbp = "&TEXT(F27,"0.00")&", adjustment_note = 'Q2 uplift for "&C27&"'"&" WHERE trade_id = '"&A27&"';" -> UPDATE fin.accruals SET accrual_gbp = 408763.77, adjustment_note = 'Q2 uplift for Northgate Holdings' WHERE trade_id = 'ACC-00012';
A28: ACC-00013 | B28: E-04 | C28: =VLOOKUP(A28,'Pre-Adjustment'!$A$19:$G$138,3,FALSE) -> Northgate Holdings | D28: =VLOOKUP(A28,'Pre-Adjustment'!$A$19:$G$138,5,FALSE) -> 431131.75 | E28: =ROUND(D28*uplift_rate,2) -> 19400.93 | F28: =ROUND(D28*(1+uplift_rate),2) -> 450532.68 | G28: ="UPDATE fin.accruals SET accrual_gbp = "&TEXT(F28,"0.00")&", adjustment_note = 'Q2 uplift for "&C28&"'"&" WHERE trade_id = '"&A28&"';" -> UPDATE fin.accruals SET accrual_gbp = 450532.68, adjustment_note = 'Q2 uplift for Northgate Holdings' WHERE trade_id = 'ACC-00013';
... A92: ACC-00080 | B92: E-12 | C92: =VLOOKUP(A92,'Pre-Adjustment'!$A$19:$G$138,3,FALSE) -> Calderstone Assurance | D92: =VLOOKUP(A92,'Pre-Adjustment'!$A$19:$G$138,5,FALSE) -> 21288.23 | E92: =ROUND(D92*uplift_rate,2) -> 957.97 | F92: =ROUND(D92*(1+uplift_rate),2) -> 22246.2 | G92: ="UPDATE fin.accruals SET accrual_gbp = "&TEXT(F92,"0.00")&", adjustment_note = 'Q2 uplift for "&C92&"'"&" WHERE trade_id = '"&A92&"';" -> UPDATE fin.accruals SET accrual_gbp = 22246.20, adjustment_note = 'Q2 uplift for Calderstone Assurance' WHERE trade_id = 'ACC-00080';
A94: Total | D94: =SUM(D17:D92) -> 19649058 | E94: =SUM(E17:E92) -> 884207.62 | F94: =SUM(F17:F92) -> 20533266
A95: Rows | D95: =COUNT(D17:D92) -> 76

Sheet Post-Adjustment
A1: Post-adjustment extract (re-run)
A2: Source: FinanceWarehouse (ODBC), connection 'AccrualExtract'
A3: Query - run this to reproduce:
A4: SELECT
A5: a.trade_id,
A6: a.entity_id,
A7: e.entity_name,
A8: a.cost_centre,
A9: a.accrual_gbp,
A10: a.period_end,
A11: a.status
A12: FROM fin.accruals AS a
... A17: ORDER BY a.entity_id, a.trade_id
A18: trade_id | B18: entity_id | C18: entity_name | D18: cost_centre | E18: accrual_gbp | F18: period_end | G18: status
A19: ACC-00001 | B19: E-04 | C19: Northgate Holdings | D19: CC-3050 | F19: 46203 | G19: POSTED
A20: ACC-00002 | B20: E-04 | C20: Northgate Holdings | D20: CC-3900 | E20: 215143.45 | F20: 46203 | G20: POSTED
A21: ACC-00003 | B21: E-04 | C21: Northgate Holdings | D21: CC-3900 | E21: 289677.49 | F21: 46203 | G21: POSTED
A22: ACC-00004 | B22: E-04 | C22: Northgate Holdings | D22: CC-2400 | E22: 11122.9 | F22: 46203 | G22: CANCELLED
A23: ACC-00005 | B23: E-04 | C23: Northgate Holdings | D23: CC-3900 | E23: 384242.65 | F23: 46203 | G23: POSTED
A24: ACC-00006 | B24: E-04 | C24: Northgate Holdings | D24: CC-3050 | E24: 42023.78 | F24: 46203 | G24: POSTED
A25: ACC-00007 | B25: E-04 | C25: Northgate Holdings | D25: CC-1100 | E25: 490036.58 | F25: 46203 | G25: POSTED
A26: ACC-00008 | B26: E-04 | C26: Northgate Holdings | D26: CC-1200 | E26: 370436.89 | F26: 46203 | G26: POSTED
A27: ACC-00009 | B27: E-04 | C27: Northgate Holdings | D27: CC-1200 | E27: 266819.57 | F27: 46203 | G27: POSTED
A28: ACC-00010 | B28: E-04 | C28: Northgate Holdings | D28: CC-3050 | E28: 106088.18 | F28: 46203 | G28: POSTED
A29: ACC-00011 | B29: E-04 | C29: Northgate Holdings | D29: CC-1200 | E29: 251963.16 | F29: 46203 | G29: POSTED
A30: ACC-00012 | B30: E-04 | C30: Northgate Holdings | D30: CC-1100 | E30: 408763.77 | F30: 46203 | G30: POSTED
A31: ACC-00013 | B31: E-04 | C31: Northgate Holdings | D31: CC-3900 | E31: 450532.68 | F31: 46203 | G31: POSTED
... A138: ACC-00120 | B138: E-21 | C138: Harbourfield Retail | D138: CC-2400 | E138: 293796.6 | F138: 46203 | G138: POSTED
